ID,POSID,BANNERNAME,NAME,ADDRESS,CITY,PROVINCE ABBV.,COUNTRY ABBV.,POSTALCODE,PHONENUMBER,LATITUDE,LONGITUDE,WEBSITE URL
1,169092,Fire & Flower,Banff Caribou,229 Bear St,Banff,AB,CA,T1L 1C3,,51.17718,-115.57253,https://fireandflower.com/shop/169092?redirect=%2Fshop&agb=true
2,159598,Fire & Flower,Battleford,82B Battleford Pl,Battleford,SK,CA,S0M 0E0,,52.72951,-108.30584,https://fireandflower.com/shop/159598?redirect=%2Fshop&agb=true
3,255251,Fire & Flower,Beaumont - Montalet,6410 50 St,Beaumont,AB,CA,T4X 0B6,,53.363,-113.41532,https://fireandflower.com/shop/255251?redirect=%2Fshop&agb=true
4,169100,Fire & Flower,Calgary Sky Pointe Landing,6004 Country Hills BLVD NE,Calgary,AB,CA,T3N 1T8,,51.15443,-113.95079,https://fireandflower.com/shop/169100?redirect=%2Fshop&agb=true
5,130833,Fire & Flower,Canmore,1120 Railway Ave,Canmore,AB,CA,T1W 1P4,,51.09175,-115.35565,https://fireandflower.com/shop/130833?redirect=%2Fshop&agb=true
6,172407,Fire & Flower,Chatham St. Clair St,877 St Clair St,Chatham,ON,CA,N7M 5J7,,42.43261,-82.22171,https://fireandflower.com/shop/172407?redirect=%2Fshop&agb=true
7,255249,Fire & Flower,Cold Lake - Tri City Mall,6503 51 St,Cold Lake,AB,CA,T9M 1Z9,,54.43513,-110.20412,https://fireandflower.com/shop/255249?redirect=%2Fshop&agb=true
8,130837,Fire & Flower,Edmonton Clareview,13710 42 St NW,Edmonton,AB,CA,T5Y 2Z2,,53.5979,-113.40699,https://fireandflower.com/shop/130837?redirect=%2Fshop&agb=true
9,169098,Fire & Flower,Edmonton Jackson Heights,4357 50 St NW,Edmonton,AB,CA,T6L 7E8,,53.48172,-113.41707,https://fireandflower.com/shop/169098?redirect=%2Fshop&agb=true
10,130835,Fire & Flower,Edmonton Namao,9610 165 Ave NW,Edmonton,AB,CA,T5J 3L3,,53.62637,-113.48977,https://fireandflower.com/shop/130835?redirect=%2Fshop&agb=true
11,163544,Fire & Flower,Edmonton Orchards Gate,9080 25 Ave SW,Edmonton,AB,CA,T6X 2H4,,53.41062,-113.48169,https://fireandflower.com/shop/163544?redirect=%2Fshop&agb=true
12,130836,Fire & Flower,Edmonton Rice Howard Way,10141 100A St NW,Edmonton,AB,CA,T5J 0R5,,53.542,-113.49224,https://fireandflower.com/shop/130836?redirect=%2Fshop&agb=true
13,169099,Fire & Flower,Edmonton Terrace Plaza,5844 Terrace Rd NW,Edmonton,AB,CA,T6A 3Y8,,53.54021,-113.42563,https://fireandflower.com/shop/169099?redirect=%2Fshop&agb=true
14,228799,Fire & Flower,Edmonton Terwillegar,2412 Rabbit Hill Rd NW,Edmonton,AB,CA,T6R 3B5,,53.45536,-113.56569,https://fireandflower.com/shop/228799?redirect=%2Fshop&agb=true
15,187938,Fire & Flower,Edmonton White Oaks,"12222 137 Ave NW,118",Edmonton,AB,CA,T5L 4X5,,53.59979,-113.53292,https://fireandflower.com/shop/187938?redirect=%2Fshop&agb=true
16,159601,Fire & Flower,Estevan,421A Kensington Ave,Estevan,SK,CA,S4A 0V2,,49.14496,-102.96861,https://fireandflower.com/shop/159601?redirect=%2Fshop&agb=true
17,261922,Fire & Flower,Estevan - Souris Ave,102 Souris Ave,Estevan,SK,CA,S4A 1J3,,49.1475,-102.99173,https://fireandflower.com/shop/261922?redirect=%2Fshop&agb=true
18,248666,Fire & Flower,Etobicoke - The Queensway,764 The Queensway,Etobicoke,ON,CA,M8Z 1N1,,43.62589,-79.50475,https://fireandflower.com/shop/248666?redirect=%2Fshop&agb=true
19,255258,Fire & Flower,Georgetown - Mountainview,333 Mountainview Road S,Georgetown,ON,CA,L7G 6E8,,43.63322,-79.87951,https://fireandflower.com/shop/255258?redirect=%2Fshop&agb=true
20,187946,Fire & Flower,Guelph Stone Square Centre,314 Stone Rd W,Guelph,ON,CA,N1G 3C4,,43.51826,-80.23496,https://fireandflower.com/shop/187946?redirect=%2Fshop&agb=true
21,130839,Fire & Flower,Hinton,251 Gregg Ave,Hinton,AB,CA,T7V 2A7,,53.40075,-117.58639,https://fireandflower.com/shop/130839?redirect=%2Fshop&agb=true
22,179271,Fire & Flower,Kingston Brock Street,75 Brock St,Kingston,ON,CA,K7L 1R8,,44.23059,-76.48229,https://fireandflower.com/shop/179271?redirect=%2Fshop&agb=true
23,248668,Fire & Flower,Moose Jaw - Main Street,103 Main St,Moose Jaw,SK,CA,S6H 0V9,,50.39083,-105.5346,https://fireandflower.com/shop/248668?redirect=%2Fshop&agb=true
24,159600,Fire & Flower,Moosomin,506 Main St,Moosomin,SK,CA,S0G 3NO,,50.14734,-101.66294,https://fireandflower.com/shop/159600?redirect=%2Fshop&agb=true
25,137059,Fire & Flower,North Battleford,"302 114 St, #2",North Battleford,SK,CA,S9A 2M6,,50.14734,-101.66294,https://fireandflower.com/shop/137059?redirect=%2Fshop&agb=true
26,187947,Fire & Flower,North Bay Thibeault Terrace,2021 Algonquin Ave,North Bay,ON,CA,P1B 4Z3,,46.33276,-79.46612,https://fireandflower.com/shop/187947?redirect=%2Fshop&agb=true
27,280717,Fire & Flower,North York Pond Mills Centre,"20, 4205 Keele St",North York,ON,CA,M3J 3T8,,43.77358,-79.49221,https://fireandflower.com/shop/280717?redirect=%2Fshop&agb=true
28,252082,Fire & Flower,Orangeville - Broadway,121 Broadway Ave,Orangeville,ON,CA,L9W 1K2,,43.91969,-80.09534,https://fireandflower.com/shop/252082?redirect=%2Fshop&agb=true
29,179270,Fire & Flower,Ottawa York St.,129 York St,Ottawa,ON,CA,K1N 5T4,,45.42943,-75.69019,https://fireandflower.com/shop/179270?redirect=%2Fshop&agb=true
30,255252,Fire & Flower,Portage La Prairie - Royal Plains,2352 Sissons Dr,Portage la Prairie,MB,CA,R1N 3V9,,49.97373,-98.32485,https://fireandflower.com/shop/255252?redirect=%2Fshop&agb=true
31,130838,Fire & Flower,Red Deer Bower Center,3121 49 Ave,Red Deer,AB,CA,T4N 3V8,,52.25056,-113.81137,https://fireandflower.com/shop/130838?redirect=%2Fshop&agb=true
32,130834,Fire & Flower,Red Deer Dawson Center,6802 50 Ave,Red Deer,AB,CA,T4N 4C9,,52.29286,-113.8153,https://fireandflower.com/shop/130834?redirect=%2Fshop&agb=true
33,166318,Fire & Flower,Regina,680 E Victoria Ave,Regina,SK,CA,S4N 7E1,,50.44724,-104.57289,https://fireandflower.com/shop/166318?redirect=%2Fshop&agb=true
34,228796,Fire & Flower,Saskatoon - Blairmore Village,"220 Betts Ave, Unit 140",Saskatoon,SK,CA,S7M 1L2,,52.126,-106.75794,https://fireandflower.com/shop/228796?redirect=%2Fshop&agb=true
35,247627,Fire & Flower,Saskatoon City Park,402 2 Avenue N,Saskatoon,SK,CA,S7K 2C3,,52.1336,-106.66095,https://fireandflower.com/shop/247627?redirect=%2Fshop&agb=true
36,261923,Fire & Flower,Saskatoon - Idylwyld Drive,1421 Idylwyld Dr N,Saskatoon,SK,CA,S7L 1A7,,52.14783,-106.67031,https://fireandflower.com/shop/261923?redirect=%2Fshop&agb=true
37,255264,Fire & Flower,Saskatoon - Stonebridge,214 Stonebridge Blvd,Saskatoon,SK,CA,S7T 0J1,,52.08357,-106.64237,https://fireandflower.com/shop/255264?redirect=%2Fshop&agb=true
38,228798,Fire & Flower,Saskatoon - Willowgrove,"531 Nelson Rd, 13",Saskatoon,SK,CA,S7S 1P4,,52.15007,-106.5669,https://fireandflower.com/shop/228798?redirect=%2Fshop&agb=true
39,254392,Fire & Flower,Scarborough Morningside Crossing,"4525 Kingston Rd, H3",Scarborough,ON,CA,M1E 2P1,,43.77089,-79.18449,https://fireandflower.com/shop/254392?redirect=%2Fshop&agb=true
40,240077,Fire & Flower,Selkirk - Selkirk Crossing,1014 Manitoba Ave,Selkirk,MB,CA,R1A 4M2,,50.15657,-96.89997,https://fireandflower.com/shop/240077?redirect=%2Fshop&agb=true
41,176587,Fire & Flower,Sherwood Park Baseline Road,590 Baseline Rd,Sherwood Park ,AB,CA,T8H 2K6,,53.54179,-113.26641,https://fireandflower.com/shop/176587?redirect=%2Fshop&agb=true
42,176586,Fire & Flower,Sherwood Park Wye,99 Wye Rd,Sherwood Park ,AB,CA,T8B 1M1,,53.51141,-113.33173,https://fireandflower.com/shop/176586?redirect=%2Fshop&agb=true
43,169090,Fire & Flower,Slave Lake,1500 Main St SE,Slave Lake,AB,CA,T0G 2A0,,55.27127,-114.78143,https://fireandflower.com/shop/169090?redirect=%2Fshop&agb=true
44,169095,Fire & Flower,Spruce Grove Westwind,10 Westwind Dr,Parkland County,AB,CA,T7X 0Y5,,53.42116,-113.85431,https://fireandflower.com/shop/169095?redirect=%2Fshop&agb=true
45,130841,Fire & Flower,St. Albert Inglewood Square,19 Bellerose Dr,St. Albert ,AB,CA,T8N 5C9,,53.64645,-113.62332,https://fireandflower.com/shop/130841?redirect=%2Fshop&agb=true
46,169093,Fire & Flower,St. Albert Shoppes at Giroux,4 Versailles Ave,St. Albert ,AB,CA,T8N 7E7,,53.63907,-113.67268,https://fireandflower.com/shop/169093?redirect=%2Fshop&agb=true
47,130842,Fire & Flower,Stettler,6610 50 Ave,Stettler,AB,CA,T0C 2L2,,52.32543,-112.73565,https://fireandflower.com/shop/130842?redirect=%2Fshop&agb=true
48,130843,Fire & Flower,Strathmore Pine Centre,800 Pine Rd,Strathmore,AB,CA,T1P 0A2,,51.03694,-113.39171,https://fireandflower.com/shop/130843?redirect=%2Fshop&agb=true
49,166277,Fire & Flower,Swan River,526 Main St,Swan River,MB,CA,R0L 1Z0,,52.10528,-101.26939,https://fireandflower.com/shop/166277?redirect=%2Fshop&agb=true
50,172289,Fire & Flower,Sylvan Lake,40 Hewlett Park Landing,Sylvan Lake,AB,CA,T4S 2J3,,52.30495,-114.07545,https://fireandflower.com/shop/172289?redirect=%2Fshop&agb=true
51,220968,Fire & Flower,Toronto Jane Street,1542 Jane St,North York,ON,CA,M9N 2R5,,43.69774,"-79.50242,",https://fireandflower.com/shop/220968?redirect=%2Fshop&agb=true
52,187942,Fire & Flower,Toronto Parkdale,4 Brock Ave,Toronto,ON,CA,M6K 2K7,,43.64171,-79.43246,https://fireandflower.com/shop/187942?redirect=%2Fshop&agb=true
53,220981,Fire & Flower,Toronto Sheridan Mall,"1616 Wilson Ave, Unit 1",Toronto,ON,CA,M3L 1A3,,43.72129,-79.51015,https://fireandflower.com/shop/220981?redirect=%2Fshop&agb=true
54,172408,Fire & Flower,Toronto Stockyards,1970 St Clair Ave W,Toronto,ON,CA,M6N 4X9,,43.67243,-79.46842,https://fireandflower.com/shop/172408?redirect=%2Fshop&agb=true
55,228795,Fire & Flower,Vancouver Broadway,2570 Granville St,Vancouver,BC,CA,V6H 3G8,,49.2629,-123.13859,https://fireandflower.com/shop/228795?redirect=%2Fshop&agb=true
56,143164,Fire & Flower,Westlock,10111 104 Ave,Westlock,AB,CA,T7P 1K6,,54.1538,-113.85038,https://fireandflower.com/shop/143164?redirect=%2Fshop&agb=true
57,248669,Fire & Flower,Weyburn - Government Road,95 Government Rd,Weyburn,SK,CA,S4H 3M7,,49.65841,-103.85819,https://fireandflower.com/shop/248669?redirect=%2Fshop&agb=true
58,176588,Fire & Flower,Whitecourt Power Center,4331-52 Ave,Whitecourt,AB,CA,T7S 1X6,,54.142,-115.66938,https://fireandflower.com/shop/176588?redirect=%2Fshop&agb=true
59,166319,Fire & Flower,Whitehorse,"80 Chilkoot Way, Unit #110",Whitehorse,YT,CA,Y1A 6T5,,60.721,-135.05684,https://fireandflower.com/shop/166319?redirect=%2Fshop&agb=true
60,240076,Fire & Flower,Winnipeg Park City Commons,1460 Plessis Rd,Winnipeg,MB,CA,R2C 5G6,,49.89879,-97.02594,https://fireandflower.com/shop/240076?redirect=%2Fshop&agb=true
61,255268,Fire & Flower,Winnipeg SHED,330 Portage Ave,Winnipeg,MB,CA,R3C 0C4,,49.89303,-97.14505,https://fireandflower.com/shop/255268?redirect=%2Fshop&agb=true
62,240074,Fire & Flower,Winnipeg Southglen,"730 St Anne's Rd, Unit K",Winnipeg,MB,CA,R2N 0A2,,49.82306,-97.083,https://fireandflower.com/shop/240074?redirect=%2Fshop&agb=true
63,130847,Fire & Flower,Yorkton,5A 275 Broadway St E,Yorkton,SK,CA,S3N 3K7,,51.21032,-102.44429,https://fireandflower.com/shop/130847?redirect=%2Fshop&agb=true
64,241043,Friendly Stranger,Barrie | Dunlop St,79 Dunlop St W,Barrie,ON,CA,L4N 1A5,,44.38809,-79.69287,https://friendlystranger.com/shop/241043?redirect=%2Fshop&agb=true
65,241028,Friendly Stranger,Burlington | Plains Road,1025 Plains Rd E,Burlington,ON,CA,L7T 4K1,,43.32507,-79.82939,https://friendlystranger.com/shop/241028?redirect=%2Fshop&agb=true
66,241029,Friendly Stranger,Cambridge | Franklin Blvd,200 Franklin Blvd,Cambridge,ON,CA,N1R 8N8,,43.35488,-80.28728,https://friendlystranger.com/shop/241029?redirect=%2Fshop&agb=true
67,241031,Friendly Stranger,Dundas | Osler Dr.,101 Osler Dr,Dundas,ON,CA,L9H 4H6,,43.25941,-79.94335,https://friendlystranger.com/shop/241031?redirect=%2Fshop&agb=true
68,241034,Friendly Stranger,Midland | Bay St,542 Bay St,Midland,ON,CA,L4R 1L3,,44.75084,-79.88852,https://friendlystranger.com/shop/241034?redirect=%2Fshop&agb=true
69,241047,Friendly Stranger,Orillia | Mississauga St E,69 Mississauga St E,Orillia,ON,CA,L3V 1V4,,44.60897,-79.41803,https://friendlystranger.com/shop/241047?redirect=%2Fshop&agb=true
70,241035,Friendly Stranger,Oshawa | Ritson Rd.,204 Ritson Rd N ,Oshawa,ON,CA,L1G 0B2,,43.90455,-78.85721,https://friendlystranger.com/shop/241035?redirect=%2Fshop&agb=true
71,358379,Friendly Stranger,Scarborough | Cliffside,"2465 Kingston Rd, 110",Scarborough,ON,CA,M1N 1V4,,43.70952,-79.24918,https://friendlystranger.com/shop/358379?redirect=%2Fshop&agb=true
72,241036,Friendly Stranger,Toronto | Church St.,501 Church St,Toronto,ON,CA,M4Y 2C6,,43.66556,-79.38087,https://friendlystranger.com/shop/241036?redirect=%2Fshop&agb=true
73,241037,Friendly Stranger,Toronto | Danforth Ave.,"283 Danforth Ave, A",Toronto,ON,CA,M4K 1N2,,43.67708,-79.35441,https://friendlystranger.com/shop/241037?redirect=%2Fshop&agb=true
74,347183,Prairie Records,Calgary - Forest Lawn,4420 17 Ave SE,Calgary,AB,CA,T2A 0T6,,51.037496,-113.957164,https://prairierecords.ca/shop/347183?redirect=%2Fshop&agb=true
75,347189,Prairie Records,Calgary - Palace Theatre,219A 8 Ave SW,Calgary,AB,CA,T2P 1E3,,51.04565,-114.06658,https://prairierecords.ca/shop/347189?redirect=%2Fshop&agb=true
76,347187,Prairie Records,Edmonton - Campus,8623 112 St NW Unit #102,Edmonton,AB,CA,T6G 1K8,,53.52243,-113.52042,https://prairierecords.ca/shop/347187?redirect=%2Fshop&agb=true
77,347185,Prairie Records,Saskatoon - Broadway,720 Broadway Ave,Saskatoon,SK,CA,S7N 1B4,,52.11819,-106.65686,https://prairierecords.ca/shop/347185?redirect=%2Fshop&agb=true
78,347186,Prairie Records,Saskatoon - Stonebridge,3020 Preston Ave S,Saskatoon,SK,CA,S7T 0V2,,52.08739,-106.62263,https://prairierecords.ca/shop/347186?redirect=%2Fshop&agb=true
79,347184,Prairie Records,Warman - Second Ave,100 2 Ave N,Warman,SK,CA,S0K 4S0,,52.31863,-106.58447,https://prairierecords.ca/shop/347184?redirect=%2Fshop&agb=true
80,2183,Pops Cannabis,Almonte,401 Ottawa St Unit 6,Almonte,ON,CA,K0A 1A0,,45.23441,-76.18218,https://popscannabis.ca/shop/2183?redirect=%2Fshop&agb=true
81,3812,Pops Cannabis,Applewood Hills,1125 Bloor St Unit 13,Mississauga,ON,CA,L4Y 2N6,,43.61121,-79.60044,https://popscannabis.ca/shop/3812?redirect=%2Fshop&agb=true
82,2622,Pops Cannabis,Barrie,829 Big Bay Point Rd Unit D6 ,Barrie,ON,CA,L4M 4S6,,44.3631,-79.61626,https://popscannabis.ca/shop/2622?redirect=%2Fshop&agb=true
83,4279,Pops Cannabis,Barrie (Bayfield),534 Bayfield St Unit B,Barrie,ON,CA,L4M 5A2,,44.41441,-79.71298,https://popscannabis.ca/shop/4279?redirect=%2Fshop&agb=true
84,3927,Pops Cannabis,Bowmanville,2316 Hwy 2,Bowmanville,ON,CA,L1C 3K7,,43.90954,-78.71594,https://popscannabis.ca/shop/3927?redirect=%2Fshop&agb=true
85,3458,Pops Cannabis,Brampton,10 Beaumaris Dr Unit 11,Brampton,ON,CA,L6T 5J6,,43.76432,-79.66144,https://popscannabis.ca/shop/3458?redirect=%2Fshop&agb=true
86,2182,Pops Cannabis,Brights Grove,2600 Lakeshore Rd Unit 9,Brights Grove,ON,CA,N0N 1C0,,43.02797,-82.2557,https://popscannabis.ca/shop/2182?redirect=%2Fshop&agb=true
87,3801,Pops Cannabis,Clarkson Crossings,960 Southdown Rd. Unit C7,Mississauga,ON,CA,L5J 2Y4,,43.50971,-79.62915,https://popscannabis.ca/shop/3801?redirect=%2Fshop&agb=true
88,3799,Pops Cannabis,Collingwood,151 First St Unit 2,Collingwood,ON,CA,L9Y 4W3,,44.50291,-80.22164,https://popscannabis.ca/shop/3799?redirect=%2Fshop&agb=true
89,2840,Pops Cannabis,Courtice,1635 Hwy 2 Unit 102,Courtice,ON,CA,L1E 2R6,,43.91093,-78.78822,https://popscannabis.ca/shop/2840?redirect=%2Fshop&agb=true
90,1986,Pops Cannabis,Hanmer,5118 Old Highway 69 N. Unit 2,Hanmer,ON,CA,P3P 1B9,,46.65277,-80.98801,https://popscannabis.ca/shop/1986?redirect=%2Fshop&agb=true
91,2459,Pops Cannabis,Hawkesbury,400 Spence Ave. Unit 101,Hawkesbury,ON,CA,K6A 2Y3,,45.59868,-74.61179,https://popscannabis.ca/shop/2459?redirect=%2Fshop&agb=true
92,2008,Pops Cannabis,Kapuskasing,25 Brunetville Rd Unit B1,Kapuskasing,ON,CA,P5N 2E7,,49.42,-82.41992,https://popscannabis.ca/shop/2008?redirect=%2Fshop&agb=true
93,1835,Pops Cannabis,Kirkland Lake,"150 Government Rd W. Unit 260, 260",Kirkland Lake,ON,CA,P2N 2E9,,48.14731,-80.04524,https://popscannabis.ca/shop/1835?redirect=%2Fshop&agb=true
94,3579,Pops Cannabis,Liberty,61 Hanna Ave #3,Toronto,ON,CA,M6K 3N7,,43.63969,-79.41883,https://popscannabis.ca/shop/3579?redirect=%2Fshop&agb=true
95,3928,Pops Cannabis,Mississauga (Central Parkway),377 Burnhamthorpe Rd. E. Unit 2A,Mississauga,ON,CA,L5A 3Y1,,43.60272,-79.62702,https://popscannabis.ca/shop/3928?redirect=%2Fshop&agb=true
96,4016,Pops Cannabis,Mississauga (Derry Road),3221 Derry Rd. W. Unit 10,Mississauga,ON,CA,L5N 7L7,,43.5835,-79.77859,https://popscannabis.ca/shop/4016?redirect=%2Fshop&agb=true
97,4033,Pops Cannabis,Mississauga (Dundas St E),680 Dundas St E,Toronto,ON,CA,M5A 0W6,,43.661,-79.35894,https://popscannabis.ca/shop/4033?redirect=%2Fshop&agb=true
98,4236,Pops Cannabis,Mississauga (McLaughlin),7070 St Barbara Blvd. Unit 28,Mississauga,ON,CA,L5W OE6,,43.64105,-79.71578,https://popscannabis.ca/shop/4236?redirect=%2Fshop&agb=true
99,4512,Pops Cannabis,Mississauga (Meadowvale),6720 Meadowvale Town Circle Unit D01-A,Mississauga,ON,CA,L5N 4B7,,43.58296,-79.76172,https://popscannabis.ca/shop/4512?redirect=%2Fshop&agb=true
100,4299,Pops Cannabis,Mississauga (South Common),2136 Burnhamthorpe Rd W Unit E1,Mississauga,ON,CA,L5L 5Z5,,43.5453,-79.68239,https://popscannabis.ca/shop/4299?redirect=%2Fshop&agb=true
101,2185,Pops Cannabis,Mount Forest,286 Main St S Unit C,Mount Forest,ON,CA,N0G 2L2,,43.9796,-80.73248,https://popscannabis.ca/shop/2185?redirect=%2Fshop&agb=true
102,2006,Pops Cannabis,New Liskeard,883303 Highway 65 Unit 11,New Liskeard,ON,CA,P0J 1P0,,47.52293,-79.67445,https://popscannabis.ca/shop/2006?redirect=%2Fshop&agb=true
103,3580,Pops Cannabis,Pembroke,1100 Pembroke St E Unit 300A,Pembroke,ON,CA,K8A 6Y7,,45.82416,-77.08591,https://popscannabis.ca/shop/3580?redirect=%2Fshop&agb=true
104,1988,Pops Cannabis,Penetanguishene,175 Main St Unit 4,Penetanguishene,ON,CA,L9M 1L8,,44.76442,-79.92994,https://popscannabis.ca/shop/1988?redirect=%2Fshop&agb=true
105,1987,Pops Cannabis,Pickering,"1822 Whites Rd. N., Unit 13",Pickering,ON,CA,L1V 4M1,,43.83076,-79.1226,https://popscannabis.ca/shop/1987?redirect=%2Fshop&agb=true
106,3578,Pops Cannabis,Pickering (Dixie Road),1900 Dixie Rd Unit 10,Pickering,ON,CA,L1V 6M4,,43.84231,-79.10511,https://popscannabis.ca/shop/3578?redirect=%2Fshop&agb=true
107,2184,Pops Cannabis,Smiths Falls,123 Lombard St. Unit 9,Smiths Falls,ON,CA,K7A 1E0,,44.89022,-76.03129,https://popscannabis.ca/shop/2184?redirect=%2Fshop&agb=true
108,2841,Pops Cannabis,Stratford,581 Huron St. Unit B3,Stratford,ON,CA,N5A 5T8,,43.37889,-81.0046,https://popscannabis.ca/shop/2841?redirect=%2Fshop&agb=true
109,1819,Pops Cannabis,Sturgeon Falls,12006 Highway 17 East Suite 2,Sturgeon Falls,ON,CA,P2B 3K8,,46.36575,-79.91099,https://popscannabis.ca/shop/1819?redirect=%2Fshop&agb=true
110,3460,Pops Cannabis,Sudbury (Kingsway),,,,CA,,,,,https://popscannabis.ca/shop/3460?redirect=%2Fshop&agb=true
111,3310,Pops Cannabis,Sudbury (Notre Dame),450 Notre Dame Ave. Unit 105B,Sudbury,ON,CA,P3C 5K8,,46.50279,-80.98693,https://popscannabis.ca/shop/3310?redirect=%2Fshop&agb=true
112,4300,Pops Cannabis,Toronto (Regent Park),680 Dundas St E,Toronto,ON,CA,M5A 2C1,,43.661,-79.35894,https://popscannabis.ca/shop/4300?redirect=%2Fshop&agb=true
113,2007,Pops Cannabis,Tottenham,,,,CA,,,,,https://popscannabis.ca/shop/2007?redirect=%2Fshop&agb=true
114,3459,Pops Cannabis,Windsor (Banwell),11500 Tecumseh Rd. E. Unit 4,Windsor,ON,CA,N8N 1L7,,42.31305,-82.90045,https://popscannabis.ca/shop/3459?redirect=%2Fshop&agb=true
115,3800,Pops Cannabis,Windsor (Manning Road),"13420 Tecumseh Rd E, Unit 3",Windsor,ON,CA,N8N 3N7,,42.3136,-82.86841,https://popscannabis.ca/shop/3800?redirect=%2Fshop&agb=true
116,3410,Pops Cannabis,Windsor (Tecumseh West),1940 Tecumseh Rd. W,Windsor,ON,CA,N9B 3S5,,42.29393,-83.05075,https://popscannabis.ca/shop/3410?redirect=%2Fshop&agb=true
117,3409,Pops Cannabis,Windsor (Wyandotte),4782 Wyandotte St E,Windsor,ON,CA,N8Y 1H7,,42.32652,-82.9793,https://popscannabis.ca/shop/3409?redirect=%2Fshop&agb=true
118,2507,FIKA,Aurora - FIKA,"91 First Commerce Drive, Unit 13",Aurora,ON,CA,L4G 0G2,,44.01365,-79.41512,https://fikacannabis.com/shop/2507?redirect=%2Fshop&agb=true
119,2506,FIKA,Barrie - FIKA,"33 Mapleview Drive, Unit C007",Barrie,ON,CA,L4N 9H5,,44.33608,-79.68167,https://fikacannabis.com/shop/2506?redirect=%2Fshop&agb=true
120,2505,FIKA,Canary - FIKA,"430 Front Street East, Unit 15A",Toronto,ON,CA,M5A 0J6,,43.65297,-79.35659,https://fikacannabis.com/shop/2505?redirect=%2Fshop&agb=true
121,1739,FIKA,Distillery District - FIKA,49 Tank House Lane ,Toronto,ON,CA,M5A 3C4,,43.65081,-79.35734,https://fikacannabis.com/shop/1739?redirect=%2Fshop&agb=true
122,2436,FIKA,Etobicoke - FIKA,171 North Queen St Unit G4A,Etobicoke,ON,CA,M9C 1A7,,43.61811,-79.55643,https://fikacannabis.com/shop/2436?redirect=%2Fshop&agb=true
123,2267,FIKA,Golden Mile - FIKA,1900 Eglinton Ave. East Unit F2,Scarborough,ON,CA,M1L 4R5,,43.72706,-79.29301,https://fikacannabis.com/shop/2267?redirect=%2Fshop&agb=true
124,4055,FIKA,Hazelton - FIKA,2955 Hazelton Pl #29,Mississauga,ON,CA,L5M 6J3,,43.72706,-79.29301,https://fikacannabis.com/shop/4055?redirect=%2Fshop&agb=true
125,2617,FIKA,Kitchener Fairview Park - FIKA,2960 Kingsway Drive Unit G007,Kitchener,ON,CA,N2C 1X1,,43.42455,-80.43855,https://fikacannabis.com/shop/2617?redirect=%2Fshop&agb=true
126,3331,FIKA,Leslieville - FIKA,1025 Lake Shore Boulevard East Unit 11,Toronto,ON,CA,M4M 1B4,,43.65873,-79.32911,https://fikacannabis.com/shop/3331?redirect=%2Fshop&agb=true
127,2508,FIKA,London Argyle - FIKA,340 Clarke Rd Unit 3,London,ON,CA,N5W 5G1,,43.00228,-81.17459,https://fikacannabis.com/shop/2508?redirect=%2Fshop&agb=true
128,3497,FIKA,London North - FIKA,1965 Hyde Park Road Unit 104A,London,ON,CA,N6H 0A3,,43.00919,-81.33732,https://fikacannabis.com/shop/3497?redirect=%2Fshop&agb=true
129,2113,FIKA,Milton - FIKA,1290 Steeles Avenue East Unit C3.3,Milton,ON,CA,L9T 6R1,,43.54356,-79.8683,https://fikacannabis.com/shop/2113?redirect=%2Fshop&agb=true
130,2266,FIKA,Morningside - FIKA,,,,CA,,,,,https://fikacannabis.com/shop/2266?redirect=%2Fshop&agb=true
131,2114,FIKA,Oshawa North - FIKA,,,,CA,,,,,https://fikacannabis.com/shop/2114?redirect=%2Fshop&agb=true
132,4351,FIKA,Port Carling - FIKA,"111 Medora St, Unit WM-A1",Port Carling,ON,CA,P0B 1J0,,45.12124,-79.57827,https://fikacannabis.com/shop/4351?redirect=%2Fshop&agb=true
133,2057,FIKA,St. Thomas - FIKA,1063 Talbot St Unit L2B,St. Thomas,ON,CA,N5P 1J4,,42.77871,-81.17019,https://fikacannabis.com/shop/2057?redirect=%2Fshop&agb=true
134,2314,FIKA,Sudbury - FIKA,2408 Long Lake Rd Unit E006,Sudbury,ON,CA,P3E 5H5,,46.44022,-81.00477,https://fikacannabis.com/shop/2314?redirect=%2Fshop&agb=true
135,2618,FIKA,Toronto Fairview - FIKA,1800 Sheppard Ave E Unit 1047,North York,ON,CA,M2J 5A7,,43.77746,-79.34383,https://fikacannabis.com/shop/2618?redirect=%2Fshop&agb=true
136,3340,FIKA,Union Station - FIKA,65 Front St W Unit 405,Toronto,ON,CA,M5J 2N1,,43.64568,-79.38037,https://fikacannabis.com/shop/3340?redirect=%2Fshop&agb=true
137,2328,FIKA,Windsor - FIKA,3222A Dougall Ave Unit A,Windsor,ON,CA,N9E 1S6,,42.26771,-83.01054,https://fikacannabis.com/shop/2328?redirect=%2Fshop&agb=true
138,4259,FIKA,Yonge & Dundas - FIKA,10 Dundas St E Unit 100,Toronto,ON,CA,M5B 2G9,,43.65641,-79.38053,https://fikacannabis.com/shop/4259?redirect=%2Fshop&agb=true
139,4089,Ganjika,Ganjika House - Cherry Hill,801 Dundas St E. Unit D1,Mississauga,ON,CA,L4Y 4G9,,43.59753,-79.59806,https://ganjika-house.com/shop/4089?redirect=%2Fshop&agb=true
140,703,Ganjika,Ganjika House - Main Street,186 Main St South,Brampton,ON,CA,L6W 2E2,,43.67628,-79.74627,https://ganjika-house.com/shop/703?redirect=%2Fshop&agb=true
141,4051,Ganjika,Ganjika House - Oshawa,"575 Thornton RD. N., Unit 7",Oshawa,ON,CA,L1J 8L5,,43.90795,-78.90013,https://ganjika-house.com/shop/4051?redirect=%2Fshop&agb=true
142,4050,Ganjika,Ganjika House - Queen Street,2880 Queen St E. Unit 8,Brampton,ON,CA,L6S 6H4 ,,43.74247,-79.69867,https://ganjika-house.com/shop/4050?redirect=%2Fshop&agb=true
143,2408,Bud Supply,Boxcar Bud Supply,1908 18th St,Coaldale,AB,CA,T1M 1M7,,49.72802,-112.61984,https://budsupplygroup.ca/shop/2408?redirect=%2Fshop&agb=true
144,3988,Bud Supply,Castle Cannabis,D-1102 Chief Mountain Ave,Pincher Creek,AB,CA,T0K 1W0,,49.49885,-113.94377,https://budsupplygroup.ca/shop/3988?redirect=%2Fshop&agb=true
145,926,Bud Supply,Creek Bud Supply,2-1315 Freebairn Ave,Pincher Creek,AB,CA,T0K 1W0,,49.49714,-113.94684,https://budsupplygroup.ca/shop/926?redirect=%2Fshop&agb=true
146,1113,Bud Supply,Fort Bud Supply,2311 2 Avenue,Fort Mcleod,AB,CA,T0L 0Z0,,49.72503,-113.40881,https://budsupplygroup.ca/shop/1113?redirect=%2Fshop&agb=true
147,1041,Bud Supply,Harvest Bud Supply,5014 46 Ave,Taber,AB,CA,T1G 2A6,,49.78203,-112.14828,https://budsupplygroup.ca/shop/1041?redirect=%2Fshop&agb=true
148,1582,Bud Supply,North Bridge Bud Supply,#3-1475 St Edward Blvd N,Lethbridge,AB,CA,T1H 2P9,,49.71853,-112.83185,https://budsupplygroup.ca/shop/1582?redirect=%2Fshop&agb=true
149,1034,Bud Supply,Range Bud Supply,4817 1st Street,Claresholm,AB,CA,T0L 0T0,,50.02499,-113.58164,https://budsupplygroup.ca/shop/1034?redirect=%2Fshop&agb=true
150,592,Bud Supply,South Bridge Bud Supply,1917 Mayor McGrath Dr S #20,Lethbridge,AB,CA,T1K 2R8,,49.67369,-112.80034,https://budsupplygroup.ca/shop/592?redirect=%2Fshop&agb=true
151,1255,Bud Supply,Vulcan Bud Supply,Unit A 102 Service Road SW,Vulcan,AB,CA,TOL 2B0,,45.42177,-75.69122,https://budsupplygroup.ca/shop/1255?redirect=%2Fshop&agb=true
152,1887,Bud Supply,West Bridge Bud Supply,1-15 Micmac Blvd West,Lethbridge,AB,CA,T1K 7R1,,49.68595,-112.88457,https://budsupplygroup.ca/shop/1887?redirect=%2Fshop&agb=true
153,1058,Lucid,Edmonton | Brintnell,4355 167 Ave,Edmonton,AB,CA,T5Y 3Y2,,53.62863,-113.40678,https://lucidcannabis.ca/shop/1058?redirect=%2Fshop&agb=true
154,2382,Lucid,Edmonton | Callingwood,6613 177 St NW,Edmonton,AB,CA,T5T 4K3,,53.50246,-113.62727,https://lucidcannabis.ca/shop/2382?redirect=%2Fshop&agb=true
155,1280,Lucid,Edmonton | High Park,15211-111 Avenue,Edmonton,AB,CA,T5M 2R1,,53.5587,-113.58299,https://lucidcannabis.ca/shop/1280?redirect=%2Fshop&agb=true
156,1706,Lucid,Edmonton | Jasper Ave,235 Victoria Ave,Regina,SK,CA,S4N 0P4,,50.44713,-104.58016,https://lucidcannabis.ca/shop/1706?redirect=%2Fshop&agb=true
157,1927,Lucid,Edmonton | Tamarack,991 Tamarack Way NW,Edmonton,AB,CA,T6T 0N3,,53.48025,-113.36793,https://lucidcannabis.ca/shop/1927?redirect=%2Fshop&agb=true
158,1886,Lucid,Grande Prairie,13205 102 St #101,Grande Prairie ,AB,CA,T8X 0V5,,55.20112,-118.80275,https://lucidcannabis.ca/shop/1886?redirect=%2Fshop&agb=true
159,724,Lucid,Regina | Albert St,681 Albert St,Regina,SK,CA,S4R 2P4,,50.46677,-104.6174,https://lucidcannabis.ca/shop/724?redirect=%2Fshop&agb=true
160,3140,Lucid,Regina East | Victoria Ave,235 Victoria Ave,Regina,SK,CA,S4N 0P4,,50.44713,-104.58016,https://lucidcannabis.ca/shop/3140?redirect=%2Fshop&agb=true
161,2178,Lucid,Saskatoon,Unit 10-15 Worobetz Pl,Saskatoon,SK,CA,S7L 6R4,,52.13054,-106.72682,https://lucidcannabis.ca/shop/2178?redirect=%2Fshop&agb=true
162,648,Lucid,Spruce Grove King,"25A, 100 King Street",Spruce Grove,AB,CA,T7X 0J6,,53.5421,-113.89838,https://lucidcannabis.ca/shop/648?redirect=%2Fshop&agb=true
163,861,Lucid,Spruce Grove McLeod,104- 8 McLeod Avenue,Spruce Grove,AB,CA,T7X 3X3,,53.54312,-113.92716,https://lucidcannabis.ca/shop/861?redirect=%2Fshop&agb=true
164,2585,Lucid,Vernon,"105D, 3101 Highway 6",Vernon,BC,CA,V1T 9H6,,50.25628,-119.26235,https://lucidcannabis.ca/shop/2585?redirect=%2Fshop&agb=true
165,4575,Due North,695 Pine St,"Unit T6, 695 Pine St",Sault Ste Marie,ON,CA,P6B 3G2 ,,46.52286,-84.30747,https://duenorthcannabis.com/shop/4575?redirect=%2Fshop&agb=true
166,4576,Due North,710 Second Line,"Unit 5, 710 Second Line E",Sault Ste Marie,ON,CA,P6B 4K3,,46.5391,-84.31463,https://duenorthcannabis.com/shop/4576?redirect=%2Fshop&agb=true
167,4574,Due North,Churchill Plaza,"Unit C001, 150 Churchill Blvd",Sault Ste Marie,ON,CA,P6A 3Z9,,46.50933,-84.29851,https://duenorthcannabis.com/shop/4574?redirect=%2Fshop&agb=true
168,142704,Garden Variety,Sterling-Garden Variety Brandon,"655 Sterling Lyon Parkway, Unit 10",Winnipeg,MB,CA,R3P 2S8,,49.84184,-97.21723,https://gardenvariety.com/shop/142704?redirect=%2Fshop&agb=true
169,142706,Garden Variety,??1,,,,CA,,,,,https://gardenvariety.com/shop/142706?redirect=%2Fshop&agb=true
170,142702,Garden Variety,??2,,,,CA,,,,,https://gardenvariety.com/shop/142702?redirect=%2Fshop&agb=true
171,4594,Delta 9,Brandon,Unit 48- 1570 18 St,Brandon,MB,CA,R7A 5C5,,49.82649,-99.96269,https://delta9.ca/shop/4594?redirect=%2Fshop&agb=true
172,4604,Delta 9,Dauphin,Unit 2- 1351 Main St,Dauphin,MB,CA,R7N 2X7,,51.13649,-100.06326,https://delta9.ca/shop/4604?redirect=%2Fshop&agb=true
173,4590,Delta 9,Edmonton - Beverly,4512 118 Avenue NW,Edmonton,AB,CA,T5L 3P9,,53.57037,-113.41157,https://delta9.ca/shop/4590?redirect=%2Fshop&agb=true
174,4589,Delta 9,Edmonton - Kensington,12620 132 Avenue NW,Edmonton,AB,CA,T5L 3P9,,53.59301,-113.54035,https://delta9.ca/shop/4589?redirect=%2Fshop&agb=true
175,4587,Delta 9,Lloydminster,3427 50 Ave Unit 7,Lloydminster,SK,CA,S9V 0N9,,53.26902,-110.00527,https://delta9.ca/shop/4587?redirect=%2Fshop&agb=true
176,4600,Delta 9,Selkirk,379 Main St,Selkirk,MB,CA,R1A 1T5,,50.14421,-96.87382,https://delta9.ca/shop/4600?redirect=%2Fshop&agb=true
177,4595,Delta 9,Thompson,Unit 1200-300 Mystery Lake Road,Thompson,MB,CA,R8N 0M2,,55.74725,-97.84951,https://delta9.ca/shop/4595?redirect=%2Fshop&agb=true
178,4598,Delta 9,Winnipeg - Bunn's Creek,Unit 2-2001 Henderson Hwy,Winnipeg,MB,CA,R2G 1P7,,49.95771,-97.07074,https://delta9.ca/shop/4598?redirect=%2Fshop&agb=true
179,4603,Delta 9,Winnipeg - Crestview,3421 Portage Ave #10,Winnipeg,MB,CA,R3K 0X2,,49.88357,-97.30107,https://delta9.ca/shop/4603?redirect=%2Fshop&agb=true
180,4596,Delta 9,Winnipeg - Kenaston,1589 Kenaston Blvd Unit 2,Winnipeg,MB,CA,R3P 2M4,,49.82625,-97.20545,https://delta9.ca/shop/4596?redirect=%2Fshop&agb=true
181,4597,Delta 9,Winnipeg - Kildonan Crossing,655-1615 Regent Ave W,Winnipeg,MB,CA,R2C 5C6,,49.89938,-97.06919,https://delta9.ca/shop/4597?redirect=%2Fshop&agb=true
182,4605,Delta 9,Winnipeg - Marion,78 Marion St,Winnipeg,MB,CA,R2H 0G1,,49.8814,-97.1242,https://delta9.ca/shop/4605?redirect=%2Fshop&agb=true
183,4599,Delta 9,Winnipeg - Northgate,Unit 15- 1399 McPhillips St,Winnipeg,MB,CA,R2V 3C4,,49.94114,-97.15568,https://delta9.ca/shop/4599?redirect=%2Fshop&agb=true
184,4593,Delta 9,Winnipeg - Osborne Village (River),478 River Ave,Winnipeg,MB,CA,R3L 0B3,,49.87879,-97.1468,https://delta9.ca/shop/4593?redirect=%2Fshop&agb=true
185,4601,Delta 9,Winnipeg - Pembina,2081 Pembina Highway,Winnipeg,MB,CA,R3T 5J9,,49.81436,-97.15265,https://delta9.ca/shop/4601?redirect=%2Fshop&agb=true
186,4606,Delta 9,Winnipeg - Sargent,625 Sargent Avenue,Winnipeg,MB,CA,R3E 3G6,,49.89658,-97.16026,https://delta9.ca/shop/4606?redirect=%2Fshop&agb=true
187,4602,Delta 9,Winnipeg - St. James,,Winnipeg,,CA,,,,,https://delta9.ca/shop/4602?redirect=%2Fshop&agb=true
188,4592,Delta 9,Winnipeg - St. Vital,Unit 1-829 Dakota St,Winnipeg,MB,CA,R2M 5M2,,49.8306,-97.10698,https://delta9.ca/shop/4592?redirect=%2Fshop&agb=true
189,238367,Discounted Cannabis,Beaumont,5003 30 Ave Unit 101,Beaumont,AB,CA,T4X 1T9,,53.34003,-113.4162,https://discounted-cannabis.ca/shop/238367?redirect=%2Fshop&agb=true
190,249378,Discounted Cannabis,Edmonton - 118th Ave,13210 118 Ave NW,Edmonton,AB,CA,T5L 4N4,,53.57051,-113.55104,https://discounted-cannabis.ca/shop/249378?redirect=%2Fshop&agb=true
191,238369,Discounted Cannabis,Edmonton - 50th Street,12988 50 St NW,Edmonton,AB,CA,T5A 4L2,,53.58919,-113.41928,https://discounted-cannabis.ca/shop/238369?redirect=%2Fshop&agb=true
192,249377,Discounted Cannabis,Edmonton - 82nd St,,,,CA,,,,,https://discounted-cannabis.ca/shop/249377?redirect=%2Fshop&agb=true
193,257554,Discounted Cannabis,Edmonton - Manning Crossing,252 Manning Crossing NW Unit A 106-2,Edmonton,AB,CA,T5A 5A1,,53.60027,-113.42369,https://discounted-cannabis.ca/shop/257554?redirect=%2Fshop&agb=true
194,238368,Discounted Cannabis,Morinville,,,,CA,,,,,https://discounted-cannabis.ca/shop/238368?redirect=%2Fshop&agb=true
195,249379,Discounted Cannabis,North Edmonton - 127th St,,,,CA,,,,,https://discounted-cannabis.ca/shop/249379?redirect=%2Fshop&agb=true
196,257553,Discounted Cannabis,Stony Plain - 48th St,,,,CA,,,,,https://discounted-cannabis.ca/shop/257553?redirect=%2Fshop&agb=true
197,4168,Flower Haze,Flower Haze - Ottawa,,,,CA,,,,,https://flowerhaze.com/shop/4168?redirect=%2Fshop&agb=true
198,206344,Uncle Sams,Edmonton - 50th Street,,,,CA,,,,,https://unclesams.ca/shop/206344?redirect=%2Fshop&agb=true
199,274135,Uncle Sams,Edmonton - 90th Ave,,,,CA,,,,,https://unclesams.ca/shop/274135?redirect=%2Fshop&agb=true
200,210986,Uncle Sams,Edmonton - 97th St,,,,CA,,,,,https://unclesams.ca/shop/210986?redirect=%2Fshop&agb=true
201,187295,Uncle Sams,Edmonton - Calgary Trail,,,,CA,,,,,https://unclesams.ca/shop/187295?redirect=%2Fshop&agb=true
202,226530,Uncle Sams,Edmonton - Castle Downs Rd,,,,CA,,,,,https://unclesams.ca/shop/226530?redirect=%2Fshop&agb=true
203,175897,Uncle Sams,Edmonton - Fort Road,,,,CA,,,,,https://unclesams.ca/shop/175897?redirect=%2Fshop&agb=true
204,187294,Uncle Sams,Morinville,,,,CA,,,,,https://unclesams.ca/shop/187294?redirect=%2Fshop&agb=true
205,141709,Uncle Sams,Sherwood Park,,,,CA,,,,,https://unclesams.ca/shop/141709?redirect=%2Fshop&agb=true